<?xml version="1.0" encoding="UTF-8"?>
<beans xmlns="http://www.springframework.org/schema/beans"
	xmlns:xsi="http://www.w3.org/2001/XMLSchema-instance" xmlns:context="http://www.springframework.org/schema/context"
	xmlns:mvc="http://www.springframework.org/schema/mvc" xmlns:p="http://www.springframework.org/schema/p"
	xsi:schemaLocation="http://www.springframework.org/schema/mvc http://www.springframework.org/schema/mvc/spring-mvc-3.2.xsd
		http://www.springframework.org/schema/beans http://www.springframework.org/schema/beans/spring-beans.xsd
		http://www.springframework.org/schema/context http://www.springframework.org/schema/context/spring-context-3.2.xsd">
<mvc:resources mapping = "/pages/**" location = "/WEB-INF/pages/" />
<mvc:resources mapping="/resources/**" location="/resources/"  
	cache-period="31556926"/>
	<mvc:annotation-driven />

	<context:component-scan base-package="com.cg.StoreBook.controller" />

	<bean class="org.springframework.web.servlet.view.InternalResourceViewResolver"
		p:prefix="/WEB-INF/jsp/" p:suffix=".jsp" />
<bean id="multipartResolver"
    class="org.springframework.web.multipart.commons.CommonsMultipartResolver"
    p:defaultEncoding="utf-8" > 
    <property name="maxUploadSize" value="40000000" />  
</bean>

</beans>